{"cameraMode":{"drawMode":0,"name":"Shaded","section":"Shading Mode"},"sceneLighting":true,"audioPlay":false,"sceneViewState":{"showFog":true,"showMaterialUpdate":false,"showSkybox":true,"showFlares":true,"showImageEffects":true,"showParticleSystems":true},"in2DMode":false,"pivot":{"x":0.11804156750440598,"y":-0.000005005247203371255,"z":0.09052334725856781},"rotation":{"x":0.49638593196868899,"y":0.03513871133327484,"z":-0.02011597529053688,"w":0.8671619296073914},"size":0.9056074023246765,"orthographic":false}