{"cameraMode":{"drawMode":0,"name":"Shaded","section":"Shading Mode"},"sceneLighting":false,"audioPlay":false,"sceneViewState":{"showFog":true,"showMaterialUpdate":false,"showSkybox":false,"showFlares":true,"showImageEffects":true,"showParticleSystems":true},"in2DMode":false,"pivot":{"x":7.450580596923828e-9,"y":0.11909999698400498,"z":-0.5979999899864197},"rotation":{"x":-0.20032215118408204,"y":0.17152096331119538,"z":-0.03566118702292442,"w":-0.9639662504196167},"size":0.07141429930925369,"orthographic":false}